{"cameraMode":{"drawMode":0,"name":"Shaded","section":"Shading Mode"},"sceneLighting":true,"audioPlay":false,"sceneViewState":{"showFog":true,"showMaterialUpdate":false,"showSkybox":true,"showFlares":true,"showImageEffects":true,"showParticleSystems":true},"in2DMode":false,"pivot":{"x":0.8658914566040039,"y":1.1111936569213868,"z":18.093982696533204},"rotation":{"x":0.07307124137878418,"y":0.9202666282653809,"z":-0.20802415907382966,"w":0.3232583701610565},"size":7.750837326049805,"orthographic":false}